step,type,key,entities_with_key,images_with_key,image_fraction
1,person,age,330,86,1.0
1,person,ethnicity,330,86,1.0
1,person,eye color,329,86,1.0
1,person,facial expression,329,86,1.0
1,person,gender,330,86,1.0
1,person,hair color,330,86,1.0
1,person,hair length,330,86,1.0
1,person,hair style,330,86,1.0
2,person,age,441,121,0.9918
2,person,ethnicity,441,121,0.9918
2,person,eye color,441,121,0.9918
2,person,facial expression,441,121,0.9918
2,person,gender,441,121,0.9918
2,person,hair color,441,121,0.9918
2,person,hair length,441,121,0.9918
2,person,hair style,441,121,0.9918
3,person,age,305,87,1.0
3,person,ethnicity,305,87,1.0
3,person,eye color,303,87,1.0
3,person,facial expression,305,87,1.0
3,person,gender,305,87,1.0
3,person,hair color,305,87,1.0
3,person,hair length,305,87,1.0
3,person,hair style,305,87,1.0
4,person,age,392,122,1.0
4,person,ethnicity,392,122,1.0
4,person,eye color,392,122,1.0
4,person,facial expression,392,122,1.0
4,person,gender,392,122,1.0
4,person,hair color,392,122,1.0
4,person,hair length,392,122,1.0
4,person,hair style,392,122,1.0
5,person,age,321,89,1.0
5,person,ethnicity,321,89,1.0
5,person,eye color,321,89,1.0
5,person,facial expression,321,89,1.0
5,person,gender,321,89,1.0
5,person,hair color,321,89,1.0
5,person,hair length,321,89,1.0
5,person,hair style,321,89,1.0
6,person,age,358,123,1.0
6,person,ethnicity,358,123,1.0
6,person,eye color,357,123,1.0
6,person,facial expression,358,123,1.0
6,person,gender,358,123,1.0
6,person,hair color,358,123,1.0
6,person,hair length,358,123,1.0
6,person,hair style,358,123,1.0
7,person,age,296,90,1.0
7,person,ethnicity,296,90,1.0
7,person,eye color,296,90,1.0
7,person,facial expression,296,90,1.0
7,person,gender,296,90,1.0
7,person,hair color,296,90,1.0
7,person,hair length,296,90,1.0
7,person,hair style,296,90,1.0
8,person,age,352,121,1.0
8,person,ethnicity,352,121,1.0
8,person,eye color,351,121,1.0
8,person,facial expression,352,121,1.0
8,person,gender,352,121,1.0
8,person,hair color,352,121,1.0
8,person,hair length,352,121,1.0
8,person,hair style,352,121,1.0
9,person,age,302,91,1.0
9,person,ethnicity,302,91,1.0
9,person,eye color,301,91,1.0
9,person,facial expression,302,91,1.0
9,person,gender,302,91,1.0
9,person,hair color,302,91,1.0
9,person,hair length,302,91,1.0
9,person,hair style,302,91,1.0
10,person,age,350,122,1.0
10,person,ethnicity,350,122,1.0
10,person,eye color,350,122,1.0
10,person,facial expression,350,122,1.0
10,person,gender,350,122,1.0
10,person,hair color,350,122,1.0
10,person,hair length,350,122,1.0
10,person,hair style,350,122,1.0
11,person,age,277,91,1.0
11,person,ethnicity,277,91,1.0
11,person,eye color,276,91,1.0
11,person,facial expression,277,91,1.0
11,person,gender,277,91,1.0
11,person,hair color,277,91,1.0
11,person,hair length,277,91,1.0
11,person,hair style,277,91,1.0
12,person,age,347,121,1.0
12,person,ethnicity,347,121,1.0
12,person,eye color,347,121,1.0
12,person,facial expression,347,121,1.0
12,person,gender,347,121,1.0
12,person,hair color,347,121,1.0
12,person,hair length,347,121,1.0
12,person,hair style,347,121,1.0
13,person,age,262,89,1.0
13,person,ethnicity,262,89,1.0
13,person,eye color,262,89,1.0
13,person,facial expression,262,89,1.0
13,person,gender,262,89,1.0
13,person,hair color,262,89,1.0
13,person,hair length,262,89,1.0
13,person,hair style,262,89,1.0
14,person,age,345,121,1.0
14,person,ethnicity,345,121,1.0
14,person,eye color,345,121,1.0
14,person,facial expression,345,121,1.0
14,person,gender,345,121,1.0
14,person,hair color,345,121,1.0
14,person,hair length,345,121,1.0
14,person,hair style,345,121,1.0
15,person,age,252,90,1.0
15,person,ethnicity,252,90,1.0
15,person,eye color,251,90,1.0
15,person,facial expression,252,90,1.0
15,person,gender,252,90,1.0
15,person,hair color,252,90,1.0
15,person,hair length,252,90,1.0
15,person,hair style,252,90,1.0
