step,type,key,value,count,total,proportion
1,person,age,young adult,309,587,0.5264
1,person,age,adult,130,587,0.2215
1,person,age,child,72,587,0.1227
1,person,age,elderly,41,587,0.0698
1,person,age,middle-aged,35,587,0.0596
1,person,ethnicity,caucasian,293,587,0.4991
1,person,ethnicity,asian,99,587,0.1687
1,person,ethnicity,hispanic,65,587,0.1107
1,person,ethnicity,african american,62,587,0.1056
1,person,ethnicity,middle eastern,50,587,0.0852
1,person,ethnicity,black,15,587,0.0256
1,person,ethnicity,arab,3,587,0.0051
1,person,eye color,brown,556,587,0.9472
1,person,eye color,blue,26,587,0.0443
1,person,eye color,gray,3,587,0.0051
1,person,eye color,unknown,1,587,0.0017
1,person,eye color,green,1,587,0.0017
1,person,facial expression,neutral,432,587,0.7359
1,person,facial expression,happy,142,587,0.2419
1,person,facial expression,sad,10,587,0.017
1,person,facial expression,angry,2,587,0.0034
1,person,facial expression,surprised,1,587,0.0017
1,person,gender,male,304,587,0.5179
1,person,gender,female,282,587,0.4804
1,person,gender,non-binary,1,587,0.0017
1,person,hair color,black,251,587,0.4276
1,person,hair color,brown,223,587,0.3799
1,person,hair color,gray,49,587,0.0835
1,person,hair color,blonde,48,587,0.0818
1,person,hair color,red,16,587,0.0273
1,person,hair length,short,306,587,0.5213
1,person,hair length,medium,144,587,0.2453
1,person,hair length,long,131,587,0.2232
1,person,hair length,bald,6,587,0.0102
1,person,hair style,straight,296,587,0.5043
1,person,hair style,curly,158,587,0.2692
1,person,hair style,wavy,130,587,0.2215
1,person,hair style,afro,3,587,0.0051
2,person,age,young adult,326,577,0.565
2,person,age,adult,104,577,0.1802
2,person,age,child,73,577,0.1265
2,person,age,elderly,39,577,0.0676
2,person,age,middle-aged,35,577,0.0607
2,person,ethnicity,caucasian,312,577,0.5407
2,person,ethnicity,asian,86,577,0.149
2,person,ethnicity,hispanic,66,577,0.1144
2,person,ethnicity,middle eastern,51,577,0.0884
2,person,ethnicity,african american,43,577,0.0745
2,person,ethnicity,black,15,577,0.026
2,person,ethnicity,arab,4,577,0.0069
2,person,eye color,brown,543,577,0.9411
2,person,eye color,blue,31,577,0.0537
2,person,eye color,gray,2,577,0.0035
2,person,eye color,green,1,577,0.0017
2,person,facial expression,neutral,396,577,0.6863
2,person,facial expression,happy,166,577,0.2877
2,person,facial expression,sad,8,577,0.0139
2,person,facial expression,angry,5,577,0.0087
2,person,facial expression,surprised,2,577,0.0035
2,person,gender,male,301,577,0.5217
2,person,gender,female,276,577,0.4783
2,person,hair color,brown,251,577,0.435
2,person,hair color,black,210,577,0.364
2,person,hair color,blonde,54,577,0.0936
2,person,hair color,gray,46,577,0.0797
2,person,hair color,red,16,577,0.0277
2,person,hair length,short,275,577,0.4766
2,person,hair length,medium,149,577,0.2582
2,person,hair length,long,147,577,0.2548
2,person,hair length,bald,6,577,0.0104
2,person,hair style,straight,271,577,0.4697
2,person,hair style,curly,157,577,0.2721
2,person,hair style,wavy,148,577,0.2565
2,person,hair style,afro,1,577,0.0017
3,person,age,young adult,323,563,0.5737
3,person,age,adult,94,563,0.167
3,person,age,child,76,563,0.135
3,person,age,elderly,45,563,0.0799
3,person,age,middle-aged,25,563,0.0444
3,person,ethnicity,caucasian,280,563,0.4973
3,person,ethnicity,asian,106,563,0.1883
3,person,ethnicity,hispanic,70,563,0.1243
3,person,ethnicity,middle eastern,47,563,0.0835
3,person,ethnicity,african american,40,563,0.071
3,person,ethnicity,black,14,563,0.0249
3,person,ethnicity,arab,6,563,0.0107
3,person,eye color,brown,538,562,0.9573
3,person,eye color,blue,24,562,0.0427
3,person,facial expression,neutral,371,563,0.659
3,person,facial expression,happy,170,563,0.302
3,person,facial expression,sad,15,563,0.0266
3,person,facial expression,angry,5,563,0.0089
3,person,facial expression,surprised,2,563,0.0036
3,person,gender,male,303,563,0.5382
3,person,gender,female,260,563,0.4618
3,person,hair color,brown,250,563,0.444
3,person,hair color,black,206,563,0.3659
3,person,hair color,gray,48,563,0.0853
3,person,hair color,blonde,43,563,0.0764
3,person,hair color,red,16,563,0.0284
3,person,hair length,short,260,563,0.4618
3,person,hair length,long,150,563,0.2664
3,person,hair length,medium,147,563,0.2611
3,person,hair length,bald,6,563,0.0107
3,person,hair style,straight,254,563,0.4512
3,person,hair style,curly,166,563,0.2948
3,person,hair style,wavy,142,563,0.2522
3,person,hair style,afro,1,563,0.0018
4,person,age,young adult,323,565,0.5717
4,person,age,adult,86,565,0.1522
4,person,age,child,85,565,0.1504
4,person,age,elderly,40,565,0.0708
4,person,age,middle-aged,31,565,0.0549
4,person,ethnicity,caucasian,281,565,0.4973
4,person,ethnicity,asian,102,565,0.1805
4,person,ethnicity,hispanic,79,565,0.1398
4,person,ethnicity,middle eastern,44,565,0.0779
4,person,ethnicity,african american,40,565,0.0708
4,person,ethnicity,black,16,565,0.0283
4,person,ethnicity,arab,3,565,0.0053
4,person,eye color,brown,542,564,0.961
4,person,eye color,blue,22,564,0.039
4,person,facial expression,neutral,364,565,0.6442
4,person,facial expression,happy,177,565,0.3133
4,person,facial expression,sad,14,565,0.0248
4,person,facial expression,angry,6,565,0.0106
4,person,facial expression,surprised,4,565,0.0071
4,person,gender,male,295,565,0.5221
4,person,gender,female,270,565,0.4779
4,person,hair color,brown,252,565,0.446
4,person,hair color,black,210,565,0.3717
4,person,hair color,gray,47,565,0.0832
4,person,hair color,blonde,44,565,0.0779
4,person,hair color,red,12,565,0.0212
4,person,hair length,short,250,565,0.4425
4,person,hair length,long,164,565,0.2903
4,person,hair length,medium,145,565,0.2566
4,person,hair length,bald,6,565,0.0106
4,person,hair style,straight,259,565,0.4584
4,person,hair style,curly,173,565,0.3062
4,person,hair style,wavy,133,565,0.2354
5,person,age,young adult,310,537,0.5773
5,person,age,adult,83,537,0.1546
5,person,age,child,77,537,0.1434
5,person,age,elderly,39,537,0.0726
5,person,age,middle-aged,28,537,0.0521
5,person,ethnicity,caucasian,267,537,0.4972
5,person,ethnicity,asian,96,537,0.1788
5,person,ethnicity,hispanic,71,537,0.1322
5,person,ethnicity,middle eastern,52,537,0.0968
5,person,ethnicity,african american,34,537,0.0633
5,person,ethnicity,black,15,537,0.0279
5,person,ethnicity,arab,2,537,0.0037
5,person,eye color,brown,516,537,0.9609
5,person,eye color,blue,21,537,0.0391
5,person,facial expression,neutral,337,537,0.6276
5,person,facial expression,happy,178,537,0.3315
5,person,facial expression,sad,15,537,0.0279
5,person,facial expression,angry,4,537,0.0074
5,person,facial expression,surprised,3,537,0.0056
5,person,gender,male,279,537,0.5196
5,person,gender,female,258,537,0.4804
5,person,hair color,brown,244,537,0.4544
5,person,hair color,black,187,537,0.3482
5,person,hair color,gray,49,537,0.0912
5,person,hair color,blonde,44,537,0.0819
5,person,hair color,red,13,537,0.0242
5,person,hair length,short,228,537,0.4246
5,person,hair length,medium,154,537,0.2868
5,person,hair length,long,149,537,0.2775
5,person,hair length,bald,6,537,0.0112
5,person,hair style,straight,226,537,0.4209
5,person,hair style,curly,176,537,0.3277
5,person,hair style,wavy,134,537,0.2495
5,person,hair style,afro,1,537,0.0019
6,person,age,young adult,304,547,0.5558
6,person,age,child,84,547,0.1536
6,person,age,adult,83,547,0.1517
6,person,age,elderly,41,547,0.075
6,person,age,middle-aged,35,547,0.064
6,person,ethnicity,caucasian,294,547,0.5375
6,person,ethnicity,asian,93,547,0.17
6,person,ethnicity,hispanic,75,547,0.1371
6,person,ethnicity,middle eastern,41,547,0.075
6,person,ethnicity,african american,30,547,0.0548
6,person,ethnicity,black,11,547,0.0201
6,person,ethnicity,arab,3,547,0.0055
6,person,eye color,brown,513,547,0.9378
6,person,eye color,blue,33,547,0.0603
6,person,eye color,gray,1,547,0.0018
6,person,facial expression,neutral,332,547,0.6069
6,person,facial expression,happy,189,547,0.3455
6,person,facial expression,sad,15,547,0.0274
6,person,facial expression,angry,6,547,0.011
6,person,facial expression,surprised,5,547,0.0091
6,person,gender,male,291,547,0.532
6,person,gender,female,256,547,0.468
6,person,hair color,brown,252,547,0.4607
6,person,hair color,black,180,547,0.3291
6,person,hair color,gray,51,547,0.0932
6,person,hair color,blonde,47,547,0.0859
6,person,hair color,red,17,547,0.0311
6,person,hair length,short,239,547,0.4369
6,person,hair length,long,155,547,0.2834
6,person,hair length,medium,146,547,0.2669
6,person,hair length,bald,7,547,0.0128
6,person,hair style,straight,245,547,0.4479
6,person,hair style,curly,175,547,0.3199
6,person,hair style,wavy,126,547,0.2303
6,person,hair style,afro,1,547,0.0018
7,person,age,young adult,292,521,0.5605
7,person,age,child,86,521,0.1651
7,person,age,adult,76,521,0.1459
7,person,age,elderly,37,521,0.071
7,person,age,middle-aged,30,521,0.0576
7,person,ethnicity,caucasian,282,521,0.5413
7,person,ethnicity,asian,92,521,0.1766
7,person,ethnicity,hispanic,73,521,0.1401
7,person,ethnicity,middle eastern,36,521,0.0691
7,person,ethnicity,african american,26,521,0.0499
7,person,ethnicity,black,10,521,0.0192
7,person,ethnicity,arab,2,521,0.0038
7,person,eye color,brown,486,521,0.9328
7,person,eye color,blue,34,521,0.0653
7,person,eye color,hazel,1,521,0.0019
7,person,facial expression,neutral,298,521,0.572
7,person,facial expression,happy,188,521,0.3608
7,person,facial expression,sad,20,521,0.0384
7,person,facial expression,angry,8,521,0.0154
7,person,facial expression,surprised,7,521,0.0134
7,person,gender,male,273,521,0.524
7,person,gender,female,248,521,0.476
7,person,hair color,brown,247,521,0.4741
7,person,hair color,black,167,521,0.3205
7,person,hair color,blonde,48,521,0.0921
7,person,hair color,gray,46,521,0.0883
7,person,hair color,red,13,521,0.025
7,person,hair length,short,207,521,0.3973
7,person,hair length,long,158,521,0.3033
7,person,hair length,medium,150,521,0.2879
7,person,hair length,bald,6,521,0.0115
7,person,hair style,straight,231,521,0.4434
7,person,hair style,curly,165,521,0.3167
7,person,hair style,wavy,124,521,0.238
7,person,hair style,afro,1,521,0.0019
8,person,age,young adult,284,520,0.5462
8,person,age,child,105,520,0.2019
8,person,age,adult,64,520,0.1231
8,person,age,elderly,35,520,0.0673
8,person,age,middle-aged,32,520,0.0615
8,person,ethnicity,caucasian,281,520,0.5404
8,person,ethnicity,asian,88,520,0.1692
8,person,ethnicity,hispanic,79,520,0.1519
8,person,ethnicity,middle eastern,34,520,0.0654
8,person,ethnicity,african american,29,520,0.0558
8,person,ethnicity,black,5,520,0.0096
8,person,ethnicity,arab,4,520,0.0077
8,person,eye color,brown,492,520,0.9462
8,person,eye color,blue,28,520,0.0538
8,person,facial expression,neutral,299,520,0.575
8,person,facial expression,happy,185,520,0.3558
8,person,facial expression,sad,19,520,0.0365
8,person,facial expression,surprised,9,520,0.0173
8,person,facial expression,angry,8,520,0.0154
8,person,gender,male,275,520,0.5288
8,person,gender,female,245,520,0.4712
8,person,hair color,brown,254,520,0.4885
8,person,hair color,black,161,520,0.3096
8,person,hair color,gray,47,520,0.0904
8,person,hair color,blonde,43,520,0.0827
8,person,hair color,red,15,520,0.0288
8,person,hair length,short,215,520,0.4135
8,person,hair length,long,155,520,0.2981
8,person,hair length,medium,144,520,0.2769
8,person,hair length,bald,6,520,0.0115
8,person,hair style,straight,229,520,0.4404
8,person,hair style,curly,177,520,0.3404
8,person,hair style,wavy,114,520,0.2192
9,person,age,young adult,290,527,0.5503
9,person,age,child,96,527,0.1822
9,person,age,adult,69,527,0.1309
9,person,age,elderly,44,527,0.0835
9,person,age,middle-aged,28,527,0.0531
9,person,ethnicity,caucasian,272,527,0.5161
9,person,ethnicity,asian,108,527,0.2049
9,person,ethnicity,hispanic,70,527,0.1328
9,person,ethnicity,middle eastern,39,527,0.074
9,person,ethnicity,african american,28,527,0.0531
9,person,ethnicity,black,5,527,0.0095
9,person,ethnicity,arab,5,527,0.0095
9,person,eye color,brown,499,526,0.9487
9,person,eye color,blue,22,526,0.0418
9,person,eye color,gray,5,526,0.0095
9,person,facial expression,neutral,299,527,0.5674
9,person,facial expression,happy,193,527,0.3662
9,person,facial expression,sad,23,527,0.0436
9,person,facial expression,angry,6,527,0.0114
9,person,facial expression,surprised,6,527,0.0114
9,person,gender,male,274,527,0.5199
9,person,gender,female,253,527,0.4801
9,person,hair color,brown,252,527,0.4782
9,person,hair color,black,161,527,0.3055
9,person,hair color,gray,59,527,0.112
9,person,hair color,blonde,43,527,0.0816
9,person,hair color,red,12,527,0.0228
9,person,hair length,short,215,527,0.408
9,person,hair length,long,162,527,0.3074
9,person,hair length,medium,146,527,0.277
9,person,hair length,bald,4,527,0.0076
9,person,hair style,straight,231,527,0.4383
9,person,hair style,curly,172,527,0.3264
9,person,hair style,wavy,123,527,0.2334
9,person,hair style,afro,1,527,0.0019
10,person,age,young adult,291,529,0.5501
10,person,age,child,95,529,0.1796
10,person,age,adult,70,529,0.1323
10,person,age,elderly,38,529,0.0718
10,person,age,middle-aged,35,529,0.0662
10,person,ethnicity,caucasian,283,529,0.535
10,person,ethnicity,asian,100,529,0.189
10,person,ethnicity,hispanic,71,529,0.1342
10,person,ethnicity,middle eastern,36,529,0.0681
10,person,ethnicity,african american,28,529,0.0529
10,person,ethnicity,black,6,529,0.0113
10,person,ethnicity,arab,5,529,0.0095
10,person,eye color,brown,505,529,0.9546
10,person,eye color,blue,23,529,0.0435
10,person,eye color,gray,1,529,0.0019
10,person,facial expression,neutral,283,529,0.535
10,person,facial expression,happy,204,529,0.3856
10,person,facial expression,sad,23,529,0.0435
10,person,facial expression,surprised,10,529,0.0189
10,person,facial expression,angry,9,529,0.017
10,person,gender,male,279,529,0.5274
10,person,gender,female,250,529,0.4726
10,person,hair color,brown,251,529,0.4745
10,person,hair color,black,168,529,0.3176
10,person,hair color,gray,59,529,0.1115
10,person,hair color,blonde,40,529,0.0756
10,person,hair color,red,11,529,0.0208
10,person,hair length,short,216,529,0.4083
10,person,hair length,long,159,529,0.3006
10,person,hair length,medium,152,529,0.2873
10,person,hair length,bald,2,529,0.0038
10,person,hair style,straight,233,529,0.4405
10,person,hair style,curly,180,529,0.3403
10,person,hair style,wavy,115,529,0.2174
10,person,hair style,afro,1,529,0.0019
11,person,age,young adult,293,530,0.5528
11,person,age,child,93,530,0.1755
11,person,age,adult,71,530,0.134
11,person,age,elderly,37,530,0.0698
11,person,age,middle-aged,36,530,0.0679
11,person,ethnicity,caucasian,278,530,0.5245
11,person,ethnicity,asian,99,530,0.1868
11,person,ethnicity,hispanic,73,530,0.1377
11,person,ethnicity,middle eastern,38,530,0.0717
11,person,ethnicity,african american,30,530,0.0566
11,person,ethnicity,black,7,530,0.0132
11,person,ethnicity,arab,5,530,0.0094
11,person,eye color,brown,508,527,0.9639
11,person,eye color,blue,19,527,0.0361
11,person,facial expression,neutral,294,529,0.5558
11,person,facial expression,happy,200,529,0.3781
11,person,facial expression,sad,20,529,0.0378
11,person,facial expression,angry,9,529,0.017
11,person,facial expression,surprised,6,529,0.0113
11,person,gender,male,275,530,0.5189
11,person,gender,female,255,530,0.4811
11,person,hair color,brown,254,530,0.4792
11,person,hair color,black,170,530,0.3208
11,person,hair color,gray,54,530,0.1019
11,person,hair color,blonde,36,530,0.0679
11,person,hair color,red,16,530,0.0302
11,person,hair length,short,213,530,0.4019
11,person,hair length,long,159,530,0.3
11,person,hair length,medium,155,530,0.2925
11,person,hair length,bald,3,530,0.0057
11,person,hair style,straight,230,530,0.434
11,person,hair style,curly,186,530,0.3509
11,person,hair style,wavy,114,530,0.2151
12,person,age,young adult,294,534,0.5506
12,person,age,child,87,534,0.1629
12,person,age,adult,73,534,0.1367
12,person,age,elderly,45,534,0.0843
12,person,age,middle-aged,35,534,0.0655
12,person,ethnicity,caucasian,284,534,0.5318
12,person,ethnicity,asian,104,534,0.1948
12,person,ethnicity,hispanic,72,534,0.1348
12,person,ethnicity,middle eastern,37,534,0.0693
12,person,ethnicity,african american,26,534,0.0487
12,person,ethnicity,black,7,534,0.0131
12,person,ethnicity,arab,4,534,0.0075
12,person,eye color,brown,512,533,0.9606
12,person,eye color,blue,20,533,0.0375
12,person,eye color,gray,1,533,0.0019
12,person,facial expression,neutral,306,534,0.573
12,person,facial expression,happy,195,534,0.3652
12,person,facial expression,sad,18,534,0.0337
12,person,facial expression,angry,9,534,0.0169
12,person,facial expression,surprised,6,534,0.0112
12,person,gender,male,280,534,0.5243
12,person,gender,female,254,534,0.4757
12,person,hair color,brown,254,534,0.4757
12,person,hair color,black,167,534,0.3127
12,person,hair color,gray,58,534,0.1086
12,person,hair color,blonde,40,534,0.0749
12,person,hair color,red,15,534,0.0281
12,person,hair length,short,222,534,0.4157
12,person,hair length,long,164,534,0.3071
12,person,hair length,medium,144,534,0.2697
12,person,hair length,bald,4,534,0.0075
12,person,hair style,straight,243,534,0.4551
12,person,hair style,curly,182,534,0.3408
12,person,hair style,wavy,108,534,0.2022
12,person,hair style,afro,1,534,0.0019
13,person,age,young adult,295,518,0.5695
13,person,age,child,87,518,0.168
13,person,age,adult,64,518,0.1236
13,person,age,elderly,42,518,0.0811
13,person,age,middle-aged,30,518,0.0579
13,person,ethnicity,caucasian,273,518,0.527
13,person,ethnicity,asian,99,518,0.1911
13,person,ethnicity,hispanic,63,518,0.1216
13,person,ethnicity,middle eastern,45,518,0.0869
13,person,ethnicity,african american,28,518,0.0541
13,person,ethnicity,black,5,518,0.0097
13,person,ethnicity,arab,5,518,0.0097
13,person,eye color,brown,496,518,0.9575
13,person,eye color,blue,22,518,0.0425
13,person,facial expression,neutral,295,518,0.5695
13,person,facial expression,happy,188,518,0.3629
13,person,facial expression,sad,21,518,0.0405
13,person,facial expression,surprised,8,518,0.0154
13,person,facial expression,angry,6,518,0.0116
13,person,gender,male,261,518,0.5039
13,person,gender,female,257,518,0.4961
13,person,hair color,brown,241,518,0.4653
13,person,hair color,black,164,518,0.3166
13,person,hair color,gray,55,518,0.1062
13,person,hair color,blonde,42,518,0.0811
13,person,hair color,red,16,518,0.0309
13,person,hair length,short,211,518,0.4073
13,person,hair length,long,155,518,0.2992
13,person,hair length,medium,148,518,0.2857
13,person,hair length,bald,4,518,0.0077
13,person,hair style,straight,228,518,0.4402
13,person,hair style,curly,186,518,0.3591
13,person,hair style,wavy,102,518,0.1969
13,person,hair style,afro,2,518,0.0039
14,person,age,young adult,298,526,0.5665
14,person,age,child,85,526,0.1616
14,person,age,adult,70,526,0.1331
14,person,age,elderly,41,526,0.0779
14,person,age,middle-aged,32,526,0.0608
14,person,ethnicity,caucasian,285,526,0.5418
14,person,ethnicity,asian,98,526,0.1863
14,person,ethnicity,hispanic,60,526,0.1141
14,person,ethnicity,middle eastern,48,526,0.0913
14,person,ethnicity,african american,21,526,0.0399
14,person,ethnicity,black,10,526,0.019
14,person,ethnicity,arab,4,526,0.0076
14,person,eye color,brown,506,525,0.9638
14,person,eye color,blue,17,525,0.0324
14,person,eye color,gray,2,525,0.0038
14,person,facial expression,neutral,291,525,0.5543
14,person,facial expression,happy,199,525,0.379
14,person,facial expression,sad,20,525,0.0381
14,person,facial expression,surprised,8,525,0.0152
14,person,facial expression,angry,7,525,0.0133
14,person,gender,male,266,526,0.5057
14,person,gender,female,260,526,0.4943
14,person,hair color,brown,242,526,0.4601
14,person,hair color,black,162,526,0.308
14,person,hair color,gray,57,526,0.1084
14,person,hair color,blonde,48,526,0.0913
14,person,hair color,red,17,526,0.0323
14,person,hair length,short,208,526,0.3954
14,person,hair length,long,168,526,0.3194
14,person,hair length,medium,146,526,0.2776
14,person,hair length,bald,4,526,0.0076
14,person,hair style,straight,233,526,0.443
14,person,hair style,curly,180,526,0.3422
14,person,hair style,wavy,112,526,0.2129
14,person,hair style,afro,1,526,0.0019
15,person,age,young adult,295,520,0.5673
15,person,age,child,81,520,0.1558
15,person,age,adult,67,520,0.1288
15,person,age,elderly,42,520,0.0808
15,person,age,middle-aged,35,520,0.0673
15,person,ethnicity,caucasian,270,520,0.5192
15,person,ethnicity,asian,99,520,0.1904
15,person,ethnicity,hispanic,66,520,0.1269
15,person,ethnicity,middle eastern,52,520,0.1
15,person,ethnicity,african american,22,520,0.0423
15,person,ethnicity,black,7,520,0.0135
15,person,ethnicity,arab,3,520,0.0058
15,person,ethnicity,jewish,1,520,0.0019
15,person,eye color,brown,493,519,0.9499
15,person,eye color,blue,24,519,0.0462
15,person,eye color,gray,2,519,0.0039
15,person,facial expression,neutral,278,519,0.5356
15,person,facial expression,happy,205,519,0.395
15,person,facial expression,sad,20,519,0.0385
15,person,facial expression,angry,8,519,0.0154
15,person,facial expression,surprised,8,519,0.0154
15,person,gender,male,266,520,0.5115
15,person,gender,female,254,520,0.4885
15,person,hair color,brown,247,520,0.475
15,person,hair color,black,159,520,0.3058
15,person,hair color,gray,62,520,0.1192
15,person,hair color,blonde,36,520,0.0692
15,person,hair color,red,16,520,0.0308
15,person,hair length,short,206,520,0.3962
15,person,hair length,long,159,520,0.3058
15,person,hair length,medium,150,520,0.2885
15,person,hair length,bald,5,520,0.0096
15,person,hair style,straight,238,520,0.4577
15,person,hair style,curly,177,520,0.3404
15,person,hair style,wavy,104,520,0.2
15,person,hair style,afro,1,520,0.0019
