step,type,entities,entity_proportion,images_with_type,image_fraction,images
1,person,67,1.0,25,1.0,data/debug.template/entities_descriptions/bbq/bbq.image_00018.json;data/debug.template/entities_descriptions/bbq/bbq.image_00265.json;data/debug.template/entities_descriptions/bbq/bbq.image_00540.json;data/debug.template/entities_descriptions/bbq/bbq.image_00633.json;data/debug.template/entities_descriptions/bbq/bbq.image_00663.json;data/debug.template/entities_descriptions/bbq/bbq.image_00741.json;data/debug.template/entities_descriptions/bbq/bbq.image_01018.json;data/debug.template/entities_descriptions/bbq/bbq.image_01020.json;data/debug.template/entities_descriptions/bbq/bbq.image_01031.json;data/debug.template/entities_descriptions/bbq/bbq.image_01131.json;data/debug.template/entities_descriptions/bbq/bbq.image_01208.json;data/debug.template/entities_descriptions/bbq/bbq.image_01314.json;data/debug.template/entities_descriptions/bbq/bbq.image_01318.json;data/debug.template/entities_descriptions/bbq/bbq.image_01349.json;data/debug.template/entities_descriptions/bbq/bbq.image_01471.json;data/debug.template/entities_descriptions/bbq/bbq.image_01494.json;data/debug.template/entities_descriptions/bbq/bbq.image_01501.json;data/debug.template/entities_descriptions/bbq/bbq.image_01528.json;data/debug.template/entities_descriptions/bbq/bbq.image_01553.json;data/debug.template/entities_descriptions/bbq/bbq.image_01618.json;data/debug.template/entities_descriptions/bbq/bbq.image_01648.json;data/debug.template/entities_descriptions/bbq/bbq.image_01649.json;data/debug.template/entities_descriptions/bbq/bbq.image_01786.json;data/debug.template/entities_descriptions/bbq/bbq.image_01889.json;data/debug.template/entities_descriptions/bbq/bbq.image_01919.json
2,person,66,1.0,25,1.0,data/debug.template/entities_descriptions/bbq/bbq.image_00018.json;data/debug.template/entities_descriptions/bbq/bbq.image_00265.json;data/debug.template/entities_descriptions/bbq/bbq.image_00540.json;data/debug.template/entities_descriptions/bbq/bbq.image_00633.json;data/debug.template/entities_descriptions/bbq/bbq.image_00663.json;data/debug.template/entities_descriptions/bbq/bbq.image_00741.json;data/debug.template/entities_descriptions/bbq/bbq.image_01018.json;data/debug.template/entities_descriptions/bbq/bbq.image_01020.json;data/debug.template/entities_descriptions/bbq/bbq.image_01031.json;data/debug.template/entities_descriptions/bbq/bbq.image_01131.json;data/debug.template/entities_descriptions/bbq/bbq.image_01208.json;data/debug.template/entities_descriptions/bbq/bbq.image_01314.json;data/debug.template/entities_descriptions/bbq/bbq.image_01318.json;data/debug.template/entities_descriptions/bbq/bbq.image_01349.json;data/debug.template/entities_descriptions/bbq/bbq.image_01471.json;data/debug.template/entities_descriptions/bbq/bbq.image_01494.json;data/debug.template/entities_descriptions/bbq/bbq.image_01501.json;data/debug.template/entities_descriptions/bbq/bbq.image_01528.json;data/debug.template/entities_descriptions/bbq/bbq.image_01553.json;data/debug.template/entities_descriptions/bbq/bbq.image_01618.json;data/debug.template/entities_descriptions/bbq/bbq.image_01648.json;data/debug.template/entities_descriptions/bbq/bbq.image_01649.json;data/debug.template/entities_descriptions/bbq/bbq.image_01786.json;data/debug.template/entities_descriptions/bbq/bbq.image_01889.json;data/debug.template/entities_descriptions/bbq/bbq.image_01919.json
3,person,66,1.0,25,1.0,data/debug.template/entities_descriptions/bbq/bbq.image_00018.json;data/debug.template/entities_descriptions/bbq/bbq.image_00265.json;data/debug.template/entities_descriptions/bbq/bbq.image_00540.json;data/debug.template/entities_descriptions/bbq/bbq.image_00633.json;data/debug.template/entities_descriptions/bbq/bbq.image_00663.json;data/debug.template/entities_descriptions/bbq/bbq.image_00741.json;data/debug.template/entities_descriptions/bbq/bbq.image_01018.json;data/debug.template/entities_descriptions/bbq/bbq.image_01020.json;data/debug.template/entities_descriptions/bbq/bbq.image_01031.json;data/debug.template/entities_descriptions/bbq/bbq.image_01131.json;data/debug.template/entities_descriptions/bbq/bbq.image_01208.json;data/debug.template/entities_descriptions/bbq/bbq.image_01314.json;data/debug.template/entities_descriptions/bbq/bbq.image_01318.json;data/debug.template/entities_descriptions/bbq/bbq.image_01349.json;data/debug.template/entities_descriptions/bbq/bbq.image_01471.json;data/debug.template/entities_descriptions/bbq/bbq.image_01494.json;data/debug.template/entities_descriptions/bbq/bbq.image_01501.json;data/debug.template/entities_descriptions/bbq/bbq.image_01528.json;data/debug.template/entities_descriptions/bbq/bbq.image_01553.json;data/debug.template/entities_descriptions/bbq/bbq.image_01618.json;data/debug.template/entities_descriptions/bbq/bbq.image_01648.json;data/debug.template/entities_descriptions/bbq/bbq.image_01649.json;data/debug.template/entities_descriptions/bbq/bbq.image_01786.json;data/debug.template/entities_descriptions/bbq/bbq.image_01889.json;data/debug.template/entities_descriptions/bbq/bbq.image_01919.json
4,person,67,1.0,25,1.0,data/debug.template/entities_descriptions/bbq/bbq.image_00018.json;data/debug.template/entities_descriptions/bbq/bbq.image_00265.json;data/debug.template/entities_descriptions/bbq/bbq.image_00540.json;data/debug.template/entities_descriptions/bbq/bbq.image_00633.json;data/debug.template/entities_descriptions/bbq/bbq.image_00663.json;data/debug.template/entities_descriptions/bbq/bbq.image_00741.json;data/debug.template/entities_descriptions/bbq/bbq.image_01018.json;data/debug.template/entities_descriptions/bbq/bbq.image_01020.json;data/debug.template/entities_descriptions/bbq/bbq.image_01031.json;data/debug.template/entities_descriptions/bbq/bbq.image_01131.json;data/debug.template/entities_descriptions/bbq/bbq.image_01208.json;data/debug.template/entities_descriptions/bbq/bbq.image_01314.json;data/debug.template/entities_descriptions/bbq/bbq.image_01318.json;data/debug.template/entities_descriptions/bbq/bbq.image_01349.json;data/debug.template/entities_descriptions/bbq/bbq.image_01471.json;data/debug.template/entities_descriptions/bbq/bbq.image_01494.json;data/debug.template/entities_descriptions/bbq/bbq.image_01501.json;data/debug.template/entities_descriptions/bbq/bbq.image_01528.json;data/debug.template/entities_descriptions/bbq/bbq.image_01553.json;data/debug.template/entities_descriptions/bbq/bbq.image_01618.json;data/debug.template/entities_descriptions/bbq/bbq.image_01648.json;data/debug.template/entities_descriptions/bbq/bbq.image_01649.json;data/debug.template/entities_descriptions/bbq/bbq.image_01786.json;data/debug.template/entities_descriptions/bbq/bbq.image_01889.json;data/debug.template/entities_descriptions/bbq/bbq.image_01919.json
5,person,70,1.0,25,1.0,data/debug.template/entities_descriptions/bbq/bbq.image_00018.json;data/debug.template/entities_descriptions/bbq/bbq.image_00265.json;data/debug.template/entities_descriptions/bbq/bbq.image_00540.json;data/debug.template/entities_descriptions/bbq/bbq.image_00633.json;data/debug.template/entities_descriptions/bbq/bbq.image_00663.json;data/debug.template/entities_descriptions/bbq/bbq.image_00741.json;data/debug.template/entities_descriptions/bbq/bbq.image_01018.json;data/debug.template/entities_descriptions/bbq/bbq.image_01020.json;data/debug.template/entities_descriptions/bbq/bbq.image_01031.json;data/debug.template/entities_descriptions/bbq/bbq.image_01131.json;data/debug.template/entities_descriptions/bbq/bbq.image_01208.json;data/debug.template/entities_descriptions/bbq/bbq.image_01314.json;data/debug.template/entities_descriptions/bbq/bbq.image_01318.json;data/debug.template/entities_descriptions/bbq/bbq.image_01349.json;data/debug.template/entities_descriptions/bbq/bbq.image_01471.json;data/debug.template/entities_descriptions/bbq/bbq.image_01494.json;data/debug.template/entities_descriptions/bbq/bbq.image_01501.json;data/debug.template/entities_descriptions/bbq/bbq.image_01528.json;data/debug.template/entities_descriptions/bbq/bbq.image_01553.json;data/debug.template/entities_descriptions/bbq/bbq.image_01618.json;data/debug.template/entities_descriptions/bbq/bbq.image_01648.json;data/debug.template/entities_descriptions/bbq/bbq.image_01649.json;data/debug.template/entities_descriptions/bbq/bbq.image_01786.json;data/debug.template/entities_descriptions/bbq/bbq.image_01889.json;data/debug.template/entities_descriptions/bbq/bbq.image_01919.json
6,person,69,1.0,25,1.0,data/debug.template/entities_descriptions/bbq/bbq.image_00018.json;data/debug.template/entities_descriptions/bbq/bbq.image_00265.json;data/debug.template/entities_descriptions/bbq/bbq.image_00540.json;data/debug.template/entities_descriptions/bbq/bbq.image_00633.json;data/debug.template/entities_descriptions/bbq/bbq.image_00663.json;data/debug.template/entities_descriptions/bbq/bbq.image_00741.json;data/debug.template/entities_descriptions/bbq/bbq.image_01018.json;data/debug.template/entities_descriptions/bbq/bbq.image_01020.json;data/debug.template/entities_descriptions/bbq/bbq.image_01031.json;data/debug.template/entities_descriptions/bbq/bbq.image_01131.json;data/debug.template/entities_descriptions/bbq/bbq.image_01208.json;data/debug.template/entities_descriptions/bbq/bbq.image_01314.json;data/debug.template/entities_descriptions/bbq/bbq.image_01318.json;data/debug.template/entities_descriptions/bbq/bbq.image_01349.json;data/debug.template/entities_descriptions/bbq/bbq.image_01471.json;data/debug.template/entities_descriptions/bbq/bbq.image_01494.json;data/debug.template/entities_descriptions/bbq/bbq.image_01501.json;data/debug.template/entities_descriptions/bbq/bbq.image_01528.json;data/debug.template/entities_descriptions/bbq/bbq.image_01553.json;data/debug.template/entities_descriptions/bbq/bbq.image_01618.json;data/debug.template/entities_descriptions/bbq/bbq.image_01648.json;data/debug.template/entities_descriptions/bbq/bbq.image_01649.json;data/debug.template/entities_descriptions/bbq/bbq.image_01786.json;data/debug.template/entities_descriptions/bbq/bbq.image_01889.json;data/debug.template/entities_descriptions/bbq/bbq.image_01919.json
7,person,63,1.0,25,1.0,data/debug.template/entities_descriptions/bbq/bbq.image_00018.json;data/debug.template/entities_descriptions/bbq/bbq.image_00265.json;data/debug.template/entities_descriptions/bbq/bbq.image_00540.json;data/debug.template/entities_descriptions/bbq/bbq.image_00633.json;data/debug.template/entities_descriptions/bbq/bbq.image_00663.json;data/debug.template/entities_descriptions/bbq/bbq.image_00741.json;data/debug.template/entities_descriptions/bbq/bbq.image_01018.json;data/debug.template/entities_descriptions/bbq/bbq.image_01020.json;data/debug.template/entities_descriptions/bbq/bbq.image_01031.json;data/debug.template/entities_descriptions/bbq/bbq.image_01131.json;data/debug.template/entities_descriptions/bbq/bbq.image_01208.json;data/debug.template/entities_descriptions/bbq/bbq.image_01314.json;data/debug.template/entities_descriptions/bbq/bbq.image_01318.json;data/debug.template/entities_descriptions/bbq/bbq.image_01349.json;data/debug.template/entities_descriptions/bbq/bbq.image_01471.json;data/debug.template/entities_descriptions/bbq/bbq.image_01494.json;data/debug.template/entities_descriptions/bbq/bbq.image_01501.json;data/debug.template/entities_descriptions/bbq/bbq.image_01528.json;data/debug.template/entities_descriptions/bbq/bbq.image_01553.json;data/debug.template/entities_descriptions/bbq/bbq.image_01618.json;data/debug.template/entities_descriptions/bbq/bbq.image_01648.json;data/debug.template/entities_descriptions/bbq/bbq.image_01649.json;data/debug.template/entities_descriptions/bbq/bbq.image_01786.json;data/debug.template/entities_descriptions/bbq/bbq.image_01889.json;data/debug.template/entities_descriptions/bbq/bbq.image_01919.json
8,person,63,1.0,24,1.0,data/debug.template/entities_descriptions/bbq/bbq.image_00018.json;data/debug.template/entities_descriptions/bbq/bbq.image_00265.json;data/debug.template/entities_descriptions/bbq/bbq.image_00540.json;data/debug.template/entities_descriptions/bbq/bbq.image_00633.json;data/debug.template/entities_descriptions/bbq/bbq.image_00663.json;data/debug.template/entities_descriptions/bbq/bbq.image_00741.json;data/debug.template/entities_descriptions/bbq/bbq.image_01018.json;data/debug.template/entities_descriptions/bbq/bbq.image_01020.json;data/debug.template/entities_descriptions/bbq/bbq.image_01031.json;data/debug.template/entities_descriptions/bbq/bbq.image_01131.json;data/debug.template/entities_descriptions/bbq/bbq.image_01208.json;data/debug.template/entities_descriptions/bbq/bbq.image_01314.json;data/debug.template/entities_descriptions/bbq/bbq.image_01318.json;data/debug.template/entities_descriptions/bbq/bbq.image_01349.json;data/debug.template/entities_descriptions/bbq/bbq.image_01494.json;data/debug.template/entities_descriptions/bbq/bbq.image_01501.json;data/debug.template/entities_descriptions/bbq/bbq.image_01528.json;data/debug.template/entities_descriptions/bbq/bbq.image_01553.json;data/debug.template/entities_descriptions/bbq/bbq.image_01618.json;data/debug.template/entities_descriptions/bbq/bbq.image_01648.json;data/debug.template/entities_descriptions/bbq/bbq.image_01649.json;data/debug.template/entities_descriptions/bbq/bbq.image_01786.json;data/debug.template/entities_descriptions/bbq/bbq.image_01889.json;data/debug.template/entities_descriptions/bbq/bbq.image_01919.json
9,person,70,1.0,25,1.0,data/debug.template/entities_descriptions/bbq/bbq.image_00018.json;data/debug.template/entities_descriptions/bbq/bbq.image_00265.json;data/debug.template/entities_descriptions/bbq/bbq.image_00540.json;data/debug.template/entities_descriptions/bbq/bbq.image_00633.json;data/debug.template/entities_descriptions/bbq/bbq.image_00663.json;data/debug.template/entities_descriptions/bbq/bbq.image_00741.json;data/debug.template/entities_descriptions/bbq/bbq.image_01018.json;data/debug.template/entities_descriptions/bbq/bbq.image_01020.json;data/debug.template/entities_descriptions/bbq/bbq.image_01031.json;data/debug.template/entities_descriptions/bbq/bbq.image_01131.json;data/debug.template/entities_descriptions/bbq/bbq.image_01208.json;data/debug.template/entities_descriptions/bbq/bbq.image_01314.json;data/debug.template/entities_descriptions/bbq/bbq.image_01318.json;data/debug.template/entities_descriptions/bbq/bbq.image_01349.json;data/debug.template/entities_descriptions/bbq/bbq.image_01471.json;data/debug.template/entities_descriptions/bbq/bbq.image_01494.json;data/debug.template/entities_descriptions/bbq/bbq.image_01501.json;data/debug.template/entities_descriptions/bbq/bbq.image_01528.json;data/debug.template/entities_descriptions/bbq/bbq.image_01553.json;data/debug.template/entities_descriptions/bbq/bbq.image_01618.json;data/debug.template/entities_descriptions/bbq/bbq.image_01648.json;data/debug.template/entities_descriptions/bbq/bbq.image_01649.json;data/debug.template/entities_descriptions/bbq/bbq.image_01786.json;data/debug.template/entities_descriptions/bbq/bbq.image_01889.json;data/debug.template/entities_descriptions/bbq/bbq.image_01919.json
10,person,71,1.0,25,1.0,data/debug.template/entities_descriptions/bbq/bbq.image_00018.json;data/debug.template/entities_descriptions/bbq/bbq.image_00265.json;data/debug.template/entities_descriptions/bbq/bbq.image_00540.json;data/debug.template/entities_descriptions/bbq/bbq.image_00633.json;data/debug.template/entities_descriptions/bbq/bbq.image_00663.json;data/debug.template/entities_descriptions/bbq/bbq.image_00741.json;data/debug.template/entities_descriptions/bbq/bbq.image_01018.json;data/debug.template/entities_descriptions/bbq/bbq.image_01020.json;data/debug.template/entities_descriptions/bbq/bbq.image_01031.json;data/debug.template/entities_descriptions/bbq/bbq.image_01131.json;data/debug.template/entities_descriptions/bbq/bbq.image_01208.json;data/debug.template/entities_descriptions/bbq/bbq.image_01314.json;data/debug.template/entities_descriptions/bbq/bbq.image_01318.json;data/debug.template/entities_descriptions/bbq/bbq.image_01349.json;data/debug.template/entities_descriptions/bbq/bbq.image_01471.json;data/debug.template/entities_descriptions/bbq/bbq.image_01494.json;data/debug.template/entities_descriptions/bbq/bbq.image_01501.json;data/debug.template/entities_descriptions/bbq/bbq.image_01528.json;data/debug.template/entities_descriptions/bbq/bbq.image_01553.json;data/debug.template/entities_descriptions/bbq/bbq.image_01618.json;data/debug.template/entities_descriptions/bbq/bbq.image_01648.json;data/debug.template/entities_descriptions/bbq/bbq.image_01649.json;data/debug.template/entities_descriptions/bbq/bbq.image_01786.json;data/debug.template/entities_descriptions/bbq/bbq.image_01889.json;data/debug.template/entities_descriptions/bbq/bbq.image_01919.json
11,person,70,1.0,25,1.0,data/debug.template/entities_descriptions/bbq/bbq.image_00018.json;data/debug.template/entities_descriptions/bbq/bbq.image_00265.json;data/debug.template/entities_descriptions/bbq/bbq.image_00540.json;data/debug.template/entities_descriptions/bbq/bbq.image_00633.json;data/debug.template/entities_descriptions/bbq/bbq.image_00663.json;data/debug.template/entities_descriptions/bbq/bbq.image_00741.json;data/debug.template/entities_descriptions/bbq/bbq.image_01018.json;data/debug.template/entities_descriptions/bbq/bbq.image_01020.json;data/debug.template/entities_descriptions/bbq/bbq.image_01031.json;data/debug.template/entities_descriptions/bbq/bbq.image_01131.json;data/debug.template/entities_descriptions/bbq/bbq.image_01208.json;data/debug.template/entities_descriptions/bbq/bbq.image_01314.json;data/debug.template/entities_descriptions/bbq/bbq.image_01318.json;data/debug.template/entities_descriptions/bbq/bbq.image_01349.json;data/debug.template/entities_descriptions/bbq/bbq.image_01471.json;data/debug.template/entities_descriptions/bbq/bbq.image_01494.json;data/debug.template/entities_descriptions/bbq/bbq.image_01501.json;data/debug.template/entities_descriptions/bbq/bbq.image_01528.json;data/debug.template/entities_descriptions/bbq/bbq.image_01553.json;data/debug.template/entities_descriptions/bbq/bbq.image_01618.json;data/debug.template/entities_descriptions/bbq/bbq.image_01648.json;data/debug.template/entities_descriptions/bbq/bbq.image_01649.json;data/debug.template/entities_descriptions/bbq/bbq.image_01786.json;data/debug.template/entities_descriptions/bbq/bbq.image_01889.json;data/debug.template/entities_descriptions/bbq/bbq.image_01919.json
12,person,68,1.0,25,1.0,data/debug.template/entities_descriptions/bbq/bbq.image_00018.json;data/debug.template/entities_descriptions/bbq/bbq.image_00265.json;data/debug.template/entities_descriptions/bbq/bbq.image_00540.json;data/debug.template/entities_descriptions/bbq/bbq.image_00633.json;data/debug.template/entities_descriptions/bbq/bbq.image_00663.json;data/debug.template/entities_descriptions/bbq/bbq.image_00741.json;data/debug.template/entities_descriptions/bbq/bbq.image_01018.json;data/debug.template/entities_descriptions/bbq/bbq.image_01020.json;data/debug.template/entities_descriptions/bbq/bbq.image_01031.json;data/debug.template/entities_descriptions/bbq/bbq.image_01131.json;data/debug.template/entities_descriptions/bbq/bbq.image_01208.json;data/debug.template/entities_descriptions/bbq/bbq.image_01314.json;data/debug.template/entities_descriptions/bbq/bbq.image_01318.json;data/debug.template/entities_descriptions/bbq/bbq.image_01349.json;data/debug.template/entities_descriptions/bbq/bbq.image_01471.json;data/debug.template/entities_descriptions/bbq/bbq.image_01494.json;data/debug.template/entities_descriptions/bbq/bbq.image_01501.json;data/debug.template/entities_descriptions/bbq/bbq.image_01528.json;data/debug.template/entities_descriptions/bbq/bbq.image_01553.json;data/debug.template/entities_descriptions/bbq/bbq.image_01618.json;data/debug.template/entities_descriptions/bbq/bbq.image_01648.json;data/debug.template/entities_descriptions/bbq/bbq.image_01649.json;data/debug.template/entities_descriptions/bbq/bbq.image_01786.json;data/debug.template/entities_descriptions/bbq/bbq.image_01889.json;data/debug.template/entities_descriptions/bbq/bbq.image_01919.json
13,person,76,1.0,25,1.0,data/debug.template/entities_descriptions/bbq/bbq.image_00018.json;data/debug.template/entities_descriptions/bbq/bbq.image_00265.json;data/debug.template/entities_descriptions/bbq/bbq.image_00540.json;data/debug.template/entities_descriptions/bbq/bbq.image_00633.json;data/debug.template/entities_descriptions/bbq/bbq.image_00663.json;data/debug.template/entities_descriptions/bbq/bbq.image_00741.json;data/debug.template/entities_descriptions/bbq/bbq.image_01018.json;data/debug.template/entities_descriptions/bbq/bbq.image_01020.json;data/debug.template/entities_descriptions/bbq/bbq.image_01031.json;data/debug.template/entities_descriptions/bbq/bbq.image_01131.json;data/debug.template/entities_descriptions/bbq/bbq.image_01208.json;data/debug.template/entities_descriptions/bbq/bbq.image_01314.json;data/debug.template/entities_descriptions/bbq/bbq.image_01318.json;data/debug.template/entities_descriptions/bbq/bbq.image_01349.json;data/debug.template/entities_descriptions/bbq/bbq.image_01471.json;data/debug.template/entities_descriptions/bbq/bbq.image_01494.json;data/debug.template/entities_descriptions/bbq/bbq.image_01501.json;data/debug.template/entities_descriptions/bbq/bbq.image_01528.json;data/debug.template/entities_descriptions/bbq/bbq.image_01553.json;data/debug.template/entities_descriptions/bbq/bbq.image_01618.json;data/debug.template/entities_descriptions/bbq/bbq.image_01648.json;data/debug.template/entities_descriptions/bbq/bbq.image_01649.json;data/debug.template/entities_descriptions/bbq/bbq.image_01786.json;data/debug.template/entities_descriptions/bbq/bbq.image_01889.json;data/debug.template/entities_descriptions/bbq/bbq.image_01919.json
14,person,75,1.0,25,1.0,data/debug.template/entities_descriptions/bbq/bbq.image_00018.json;data/debug.template/entities_descriptions/bbq/bbq.image_00265.json;data/debug.template/entities_descriptions/bbq/bbq.image_00540.json;data/debug.template/entities_descriptions/bbq/bbq.image_00633.json;data/debug.template/entities_descriptions/bbq/bbq.image_00663.json;data/debug.template/entities_descriptions/bbq/bbq.image_00741.json;data/debug.template/entities_descriptions/bbq/bbq.image_01018.json;data/debug.template/entities_descriptions/bbq/bbq.image_01020.json;data/debug.template/entities_descriptions/bbq/bbq.image_01031.json;data/debug.template/entities_descriptions/bbq/bbq.image_01131.json;data/debug.template/entities_descriptions/bbq/bbq.image_01208.json;data/debug.template/entities_descriptions/bbq/bbq.image_01314.json;data/debug.template/entities_descriptions/bbq/bbq.image_01318.json;data/debug.template/entities_descriptions/bbq/bbq.image_01349.json;data/debug.template/entities_descriptions/bbq/bbq.image_01471.json;data/debug.template/entities_descriptions/bbq/bbq.image_01494.json;data/debug.template/entities_descriptions/bbq/bbq.image_01501.json;data/debug.template/entities_descriptions/bbq/bbq.image_01528.json;data/debug.template/entities_descriptions/bbq/bbq.image_01553.json;data/debug.template/entities_descriptions/bbq/bbq.image_01618.json;data/debug.template/entities_descriptions/bbq/bbq.image_01648.json;data/debug.template/entities_descriptions/bbq/bbq.image_01649.json;data/debug.template/entities_descriptions/bbq/bbq.image_01786.json;data/debug.template/entities_descriptions/bbq/bbq.image_01889.json;data/debug.template/entities_descriptions/bbq/bbq.image_01919.json
15,person,80,1.0,25,1.0,data/debug.template/entities_descriptions/bbq/bbq.image_00018.json;data/debug.template/entities_descriptions/bbq/bbq.image_00265.json;data/debug.template/entities_descriptions/bbq/bbq.image_00540.json;data/debug.template/entities_descriptions/bbq/bbq.image_00633.json;data/debug.template/entities_descriptions/bbq/bbq.image_00663.json;data/debug.template/entities_descriptions/bbq/bbq.image_00741.json;data/debug.template/entities_descriptions/bbq/bbq.image_01018.json;data/debug.template/entities_descriptions/bbq/bbq.image_01020.json;data/debug.template/entities_descriptions/bbq/bbq.image_01031.json;data/debug.template/entities_descriptions/bbq/bbq.image_01131.json;data/debug.template/entities_descriptions/bbq/bbq.image_01208.json;data/debug.template/entities_descriptions/bbq/bbq.image_01314.json;data/debug.template/entities_descriptions/bbq/bbq.image_01318.json;data/debug.template/entities_descriptions/bbq/bbq.image_01349.json;data/debug.template/entities_descriptions/bbq/bbq.image_01471.json;data/debug.template/entities_descriptions/bbq/bbq.image_01494.json;data/debug.template/entities_descriptions/bbq/bbq.image_01501.json;data/debug.template/entities_descriptions/bbq/bbq.image_01528.json;data/debug.template/entities_descriptions/bbq/bbq.image_01553.json;data/debug.template/entities_descriptions/bbq/bbq.image_01618.json;data/debug.template/entities_descriptions/bbq/bbq.image_01648.json;data/debug.template/entities_descriptions/bbq/bbq.image_01649.json;data/debug.template/entities_descriptions/bbq/bbq.image_01786.json;data/debug.template/entities_descriptions/bbq/bbq.image_01889.json;data/debug.template/entities_descriptions/bbq/bbq.image_01919.json
